"","icon","id","name","place_id","reference","scope","vicinity","business_status","price_level","rating","user_ratings_total","opening_hours.open_now","plus_code.compound_code","plus_code.global_code","geometry.location.lat","geometry.location.lng","geometry.viewport.northeast.lat","geometry.viewport.northeast.lng","geometry.viewport.southwest.lat","geometry.viewport.southwest.lng","locality","political","bar","restaurant","food","point_of_interest","establishment","cafe","store","real_estate_agency","park","tourist_attraction","accounting","finance","general_contractor","beauty_salon","neighborhood","liquor_store","lawyer","physiotherapist","health","art_gallery","museum","hindu_temple","place_of_worship","book_store","gym","clothing_store"
"1","https://maps.gstatic.com/mapfiles/place_api/icons/geocode-71.png","464b513e4fd9a3c7c3bd63d091ecc856aff12e2c","Denver","ChIJzxcfI6qAa4cR1jaKJ_j0jhE","ChIJzxcfI6qAa4cR1jaKJ_j0jhE","GOOGLE","Denver",NA,NA,NA,NA,NA,NA,NA,39.7392358,-104.990251,39.9142469,-104.6002959,39.614431,-105.109927,1,1,0,0,0,0,0,0,0,0,0,0,0,0,0,0,0,0,0,0,0,0,0,0,0,0,0,0
"2","https://maps.gstatic.com/mapfiles/place_api/icons/restaurant-71.png","5a9a733ea2a1dcff1c6443d76966dd63006c3857","Sushi Den","ChIJL2TJFlJ-bIcRENgfRp3uELQ","ChIJL2TJFlJ-bIcRENgfRp3uELQ","GOOGLE","1487 South Pearl Street, Denver","OPERATIONAL",3,4.7,2960,TRUE,"M2Q9+RQ Denver, Colorado, United States","85FQM2Q9+RQ",39.6895673,-104.980604,39.6908683802915,-104.979166569708,39.6881704197085,-104.981864530292,0,0,1,1,1,1,1,0,0,0,0,0,0,0,0,0,0,0,0,0,0,0,0,0,0,0,0,0
"3","https://maps.gstatic.com/mapfiles/place_api/icons/cafe-71.png","b9eb107ba42ba3e5f1b780490a8cc2e5f316c883","Stella's Gourmet Coffee and Such","ChIJk4m1HlJ-bIcRJhx_J2Wu6yI","ChIJk4m1HlJ-bIcRJhx_J2Wu6yI","GOOGLE","1476 South Pearl Street, Denver","OPERATIONAL",1,4.6,1113,TRUE,"M2Q9+VW Denver, Colorado, United States","85FQM2Q9+VW",39.6896778,-104.9801806,39.6910519302915,-104.978955819709,39.6883539697085,-104.981653780291,0,0,0,0,1,1,1,1,1,0,0,0,0,0,0,0,0,0,0,0,0,0,0,0,0,0,0,0
"4","https://maps.gstatic.com/mapfiles/place_api/icons/restaurant-71.png","cbcc0f2f4ed1e1761fbe09c504d14e16dce53128","Izakaya Den","ChIJv509BFJ-bIcR6gQNwBoYoao","ChIJv509BFJ-bIcR6gQNwBoYoao","GOOGLE","1487A South Pearl Street, Denver","OPERATIONAL",3,4.7,762,FALSE,"M2Q9+VQ Denver, Colorado, United States","85FQM2Q9+VQ",39.6896802,-104.980587,39.6910295302915,-104.979158819709,39.6883315697085,-104.981856780291,0,0,0,1,1,1,1,0,0,0,0,0,0,0,0,0,0,0,0,0,0,0,0,0,0,0,0,0
"5","https://maps.gstatic.com/mapfiles/place_api/icons/restaurant-71.png","f491fe670d5c813f45bdbe8f1fb0cb3299b70c7b","Kaos Pizzeria","ChIJX1OXMFJ-bIcR17sTQjC35rA","ChIJX1OXMFJ-bIcR17sTQjC35rA","GOOGLE","1439 South Pearl Street, Denver","OPERATIONAL",2,4.5,700,TRUE,"M2R9+5P Denver, Colorado, United States","85FQM2R9+5P",39.690497,-104.980647,39.6918464802915,-104.979191969708,39.6891485197085,-104.981889930292,0,0,0,1,1,1,1,0,0,0,0,0,0,0,0,0,0,0,0,0,0,0,0,0,0,0,0,0
"6","https://maps.gstatic.com/mapfiles/place_api/icons/restaurant-71.png","7ead142056535dea8a5cb94a60418026ba3faf6b","Hanson's Grill & Tavern","ChIJh-VD5VN-bIcRyVV10S09iW0","ChIJh-VD5VN-bIcRyVV10S09iW0","GOOGLE","1301 South Pearl Street, Denver","OPERATIONAL",2,4,458,TRUE,"M2V9+4Q Denver, Colorado, United States","85FQM2V9+4Q",39.6928287,-104.9806072,39.6941173302915,-104.979257569708,39.6914193697085,-104.981955530292,0,0,1,1,1,1,1,0,0,0,0,0,0,0,0,0,0,0,0,0,0,0,0,0,0,0,0,0
"7","https://maps.gstatic.com/mapfiles/place_api/icons/generic_business-71.png","383b9f5591ee828bb8a03830cf3dca7d67f087a0","gkhouses","ChIJaQ2tEXGGbIcR95hkwAFuY3E","ChIJaQ2tEXGGbIcR95hkwAFuY3E","GOOGLE","1468 South Pearl Street, Denver","OPERATIONAL",NA,3.8,449,TRUE,"M2Q9+XW Denver, Colorado, United States","85FQM2Q9+XW",39.6899181,-104.9801633,39.6912664802915,-104.978947869709,39.6885685197085,-104.981645830291,0,0,0,0,0,1,1,0,0,1,0,0,0,0,0,0,0,0,0,0,0,0,0,0,0,0,0,0
"8","https://maps.gstatic.com/mapfiles/place_api/icons/restaurant-71.png","b1c7a117c6e6d17ad19ea19c1e489dab98b728eb","Sexy Pizza","ChIJVwdu5U1-bIcR82eQXacZWqk","ChIJVwdu5U1-bIcR82eQXacZWqk","GOOGLE","1579 South Pearl Street, Denver","OPERATIONAL",1,4.3,491,TRUE,"M2Q9+5P Denver, Colorado, United States","85FQM2Q9+5P",39.687916,-104.9806511,39.6892646302915,-104.979194569708,39.6865666697085,-104.981892530292,0,0,0,1,1,1,1,0,0,0,0,0,0,0,0,0,0,0,0,0,0,0,0,0,0,0,0,0
"9","https://maps.gstatic.com/mapfiles/place_api/icons/generic_recreational-71.png","21487240c6a25cc562aa42d4c481814c5e819a20","Platt Park Recreation Center","ChIJab5Jg1J-bIcRuPj1Bl_e44Y","ChIJab5Jg1J-bIcRuPj1Bl_e44Y","GOOGLE","1500 South Grant Street, Denver","OPERATIONAL",NA,4.5,86,TRUE,"M2Q8+MJ Denver, Colorado, United States","85FQM2Q8+MJ",39.6891507,-104.9834329,39.6905007802915,-104.982364419709,39.6878028197085,-104.985062380291,0,0,0,0,0,1,1,0,0,0,1,1,0,0,0,0,0,0,0,0,0,0,0,0,0,0,0,0
"10","https://maps.gstatic.com/mapfiles/place_api/icons/restaurant-71.png","4ec11c2c2d78e7aea813fdb1e9c7caa3de0fc250","OTOTO","ChIJx5WaGlJ-bIcROkqZfLH1Pc4","ChIJx5WaGlJ-bIcROkqZfLH1Pc4","GOOGLE","1501 South Pearl Street, Denver","OPERATIONAL",3,4.6,460,FALSE,"M2Q9+PP Denver, Colorado, United States","85FQM2Q9+PP",39.6892654,-104.980706,39.6906140302915,-104.979217569708,39.6879160697085,-104.981915530292,0,0,1,1,1,1,1,0,0,0,0,0,0,0,0,0,0,0,0,0,0,0,0,0,0,0,0,0
"11","https://maps.gstatic.com/mapfiles/place_api/icons/generic_business-71.png","4ee219b819f793d934cc9cff6c014c4c00009614","Colorado Potter's Guild Inc","ChIJ-8Mn9k1-bIcRdHbG2i_meco","ChIJ-8Mn9k1-bIcRdHbG2i_meco","GOOGLE","1541 South Pearl Street, Denver","OPERATIONAL",NA,5,2,NA,"M2Q9+CP Denver, Colorado, United States","85FQM2Q9+CP",39.6886061,-104.9806977,39.6899543302915,-104.979215569709,39.6872563697085,-104.981913530291,0,0,0,0,0,1,1,0,0,0,0,0,0,0,0,0,0,0,0,0,0,0,0,0,0,0,0,0
"12","https://maps.gstatic.com/mapfiles/place_api/icons/generic_business-71.png","d8e97fcda970760e19aba3783ec0f426e6a617a9","Nayar & Co: Martin Kim CPA","ChIJRYTuGlJ-bIcR8XY-HrDIdlI","ChIJRYTuGlJ-bIcR8XY-HrDIdlI","GOOGLE","3801 East Florida Avenue # 604, Denver","OPERATIONAL",NA,NA,NA,NA,"M2Q9+MW Denver, Colorado, United States","85FQM2Q9+MW",39.6892087,-104.9801633,39.6906523802915,-104.978813369709,39.6879544197085,-104.981511330291,0,0,0,0,0,1,1,0,0,0,0,0,1,1,0,0,0,0,0,0,0,0,0,0,0,0,0,0
"13","https://maps.gstatic.com/mapfiles/place_api/icons/generic_business-71.png","e72509f8626f401d3c0782ec90757842f9f995f3","Sage Design Group LLC","ChIJOfxmA1J-bIcR0x4VMh_FVyQ","ChIJOfxmA1J-bIcR0x4VMh_FVyQ","GOOGLE","1500 South Pearl Street # 200, Denver","OPERATIONAL",NA,NA,NA,NA,"M2Q9+MW Denver, Colorado, United States","85FQM2Q9+MW",39.6892268,-104.9801846,39.6905760802915,-104.978956919708,39.6878781197085,-104.981654880292,0,0,0,0,0,1,1,0,0,0,0,0,0,0,1,0,0,0,0,0,0,0,0,0,0,0,0,0
"14","https://maps.gstatic.com/mapfiles/place_api/icons/generic_business-71.png","28ec40b8007a26b59839f2927c15426ffccd86f7","Edward Jones - Financial Advisor: Heather L Goulding","ChIJ6yU9CVJ-bIcRWb6Lqe9Jtq0","ChIJ6yU9CVJ-bIcRWb6Lqe9Jtq0","GOOGLE","1519 South Pearl Street, Denver","OPERATIONAL",NA,NA,NA,TRUE,"M2Q9+HQ Denver, Colorado, United States","85FQM2Q9+HQ",39.6889235,-104.980598,39.6902720302915,-104.979164269709,39.6875740697085,-104.981862230291,0,0,0,0,0,1,1,0,0,0,0,0,1,1,0,0,0,0,0,0,0,0,0,0,0,0,0,0
"15","https://maps.gstatic.com/mapfiles/place_api/icons/generic_business-71.png","cd1246830d5868ac01d7f48bc240ea441211ed20","Conservation Solutions","ChIJMegh9lF-bIcRPX4UXU4yoi0","ChIJMegh9lF-bIcRPX4UXU4yoi0","GOOGLE","627 East Florida Avenue, Denver","OPERATIONAL",NA,NA,NA,NA,"M2QC+R3 Denver, Colorado, United States","85FQM2QC+R3",39.689594,-104.979758,39.6908437302915,-104.978410269709,39.6881457697085,-104.981108230291,0,0,0,0,0,1,1,0,0,0,0,0,0,0,0,0,0,0,0,0,0,0,0,0,0,0,0,0
"16","https://maps.gstatic.com/mapfiles/place_api/icons/generic_business-71.png","69a032b0bd29782a6ec570e170cbf4f0e328ab64","Beacon View Consulting LLC","ChIJmbPHCFJ-bIcRw0vf7CpLC7M","ChIJmbPHCFJ-bIcRw0vf7CpLC7M","GOOGLE","1521 South Pearl Street, Denver","OPERATIONAL",NA,NA,NA,NA,"M2Q9+HQ Denver, Colorado, United States","85FQM2Q9+HQ",39.688883,-104.980618,39.6902314802915,-104.979174469708,39.6875335197085,-104.981872430292,0,0,0,0,0,1,1,0,0,0,0,0,0,0,0,0,0,0,0,0,0,0,0,0,0,0,0,0
"17","https://maps.gstatic.com/mapfiles/place_api/icons/generic_business-71.png","b2f94debfbabe92e58c66ca38cac2d55770c26da","Zing Development Strategies","ChIJ_____8J4bIcRYxYBry5FfQs","ChIJ_____8J4bIcRYxYBry5FfQs","GOOGLE","Denver","OPERATIONAL",NA,NA,NA,NA,"M2R9+2P Denver, Colorado, United States","85FQM2R9+2P",39.690122,-104.980711,39.6914716302915,-104.979222519709,39.6887736697085,-104.981920480292,0,0,0,0,0,1,1,0,0,0,0,0,0,0,1,0,0,0,0,0,0,0,0,0,0,0,0,0
"18","https://maps.gstatic.com/mapfiles/place_api/icons/generic_business-71.png","0c98cf22ca8cdc5273fa500b2c3a02a963f67a2b","Angel Love Located At SALON ON PEARL","ChIJp671CFJ-bIcRajZ2rzRp8VE","ChIJp671CFJ-bIcRajZ2rzRp8VE","GOOGLE","1527 South Pearl Street, Denver","OPERATIONAL",NA,NA,NA,TRUE,"M2Q9+GQ Denver, Colorado, United States","85FQM2Q9+GQ",39.6887703,-104.9806165,39.6901188302915,-104.979174169709,39.6874208697085,-104.981872130292,0,0,0,0,0,1,1,0,0,0,0,0,0,0,0,1,0,0,0,0,0,0,0,0,0,0,0,0
"19","https://maps.gstatic.com/mapfiles/place_api/icons/generic_business-71.png","d1c6042d1cce2eb77d52bc0ea7ee401658a66ca9","KPK Solutions LLC","ChIJaY-t1lN-bIcRTea8gVFDPgk","ChIJaY-t1lN-bIcRTea8gVFDPgk","GOOGLE","1376 South Pearl Street, Denver","OPERATIONAL",NA,NA,NA,NA,"M2R9+JW Denver, Colorado, United States","85FQM2R9+JW",39.6915627,-104.9801814,39.6929124802915,-104.978959569708,39.6902145197085,-104.981657530291,0,0,0,0,0,1,1,0,0,0,0,0,0,0,1,0,0,0,0,0,0,0,0,0,0,0,0,0
"20","https://maps.gstatic.com/mapfiles/place_api/icons/geocode-71.png","83e42af8e5169aaadba30dbfb0332d2402abf18b","South","ChIJf_Sin41_bIcRE530OLjLMcg","ChIJf_Sin41_bIcRE530OLjLMcg","GOOGLE","Denver",NA,NA,NA,NA,NA,NA,NA,39.6785031,-104.9875969,39.711187,-104.918334,39.6529001,-105.0252141,0,1,0,0,0,0,0,0,0,0,0,0,0,0,0,0,1,0,0,0,0,0,0,0,0,0,0,0
"21","https://maps.gstatic.com/mapfiles/place_api/icons/generic_business-71.png","1850a11d7ad7d36562740a19fa55739f78d0be47","Dan Sidor Photography","ChIJ67DoVlJ-bIcRi8JNqVS-kZM","ChIJ67DoVlJ-bIcRi8JNqVS-kZM","GOOGLE","1434 South Logan Street, Denver","OPERATIONAL",NA,5,2,NA,"M2R8+5X Denver, Colorado, United States","85FQM2R8+5X",39.6904503,-104.9825595,39.6917992302915,-104.981328919709,39.6891012697085,-104.984026880291,0,0,0,0,0,1,1,0,0,0,0,0,0,0,0,0,0,0,0,0,0,0,0,0,0,0,0,0
"22","https://maps.gstatic.com/mapfiles/place_api/icons/shopping-71.png","1e4f77993e45297484239de69b6531382858e07e","Craft Alley","ChIJ0ccNO1J-bIcRyGpXSmIzjhM","ChIJ0ccNO1J-bIcRyGpXSmIzjhM","GOOGLE","1455 South Pearl Street, Denver","OPERATIONAL",NA,4.7,81,TRUE,"M2R9+4P Denver, Colorado, United States","85FQM2R9+4P",39.690286,-104.980665,39.6916354802915,-104.979200169709,39.6889375197085,-104.981898130291,0,0,1,1,1,1,1,0,1,0,0,0,0,0,0,0,0,1,0,0,0,0,0,0,0,0,0,0
"23","https://maps.gstatic.com/mapfiles/place_api/icons/generic_business-71.png","589511213bea320e8f9a062cb1d67556d8e24b30","Rosenlund and Sims LLC","ChIJcRiSO1J-bIcRD6L-eHReq3A","ChIJcRiSO1J-bIcRD6L-eHReq3A","GOOGLE","1457 South Pearl Street, Denver","OPERATIONAL",NA,3,1,NA,"M2R9+3P Denver, Colorado, United States","85FQM2R9+3P",39.6902068,-104.9806654,39.6915563302915,-104.979200069708,39.6888583697085,-104.981898030292,0,0,0,0,0,1,1,0,0,0,0,0,0,0,0,0,0,0,0,0,0,0,0,0,0,0,0,0
"24","https://maps.gstatic.com/mapfiles/place_api/icons/generic_business-71.png","e13931d581bccb145bf0062d673444b952a1c2f4","One Ton Creative Design Group","ChIJz8DJPVJ-bIcR0ErlWSGDRPc","ChIJz8DJPVJ-bIcR0ErlWSGDRPc","GOOGLE","1465 South Pearl Street # 3, Denver","OPERATIONAL",NA,5,28,TRUE,"M2Q9+XM Denver, Colorado, United States","85FQM2Q9+XM",39.689988,-104.9807847,39.6913208302915,-104.979258719708,39.6886228697085,-104.981956680292,0,0,0,0,0,1,1,0,0,0,0,0,0,0,0,0,0,0,0,0,0,0,0,0,0,0,0,0
"25","https://maps.gstatic.com/mapfiles/place_api/icons/generic_business-71.png","0f5cf5caa10aaacf0f25cf957b36aebc84b2ee6a","Zenith Home Loans","ChIJ4-IdMVJ-bIcRC2v1jvsLX8o","ChIJ4-IdMVJ-bIcRC2v1jvsLX8o","GOOGLE","1423 South Pearl Street, Denver","OPERATIONAL",NA,5,156,TRUE,"M2R9+7M Denver, Colorado, United States","85FQM2R9+7M",39.690651,-104.980756,39.6920006802915,-104.979247069709,39.6893027197085,-104.981945030291,0,0,0,0,0,1,1,0,0,0,0,0,0,1,0,0,0,0,0,0,0,0,0,0,0,0,0,0
"26","https://maps.gstatic.com/mapfiles/place_api/icons/bar-71.png","9f89a92f454985d3242c929c714c5681a6e4ddc8","Tavern Platt Park","ChIJ53vaF1J-bIcRYgbBLIIAClM","ChIJ53vaF1J-bIcRYgbBLIIAClM","GOOGLE","1475 South Pearl Street, Denver","OPERATIONAL",2,4,303,TRUE,"M2Q9+WP Denver, Colorado, United States","85FQM2Q9+WP",39.6898469,-104.980641,39.6911963802915,-104.979186469708,39.6884984197085,-104.981884430292,0,0,1,1,1,1,1,0,0,0,0,0,0,0,0,0,0,0,0,0,0,0,0,0,0,0,0,0
"27","https://maps.gstatic.com/mapfiles/place_api/icons/generic_business-71.png","4a7565fa3172f8e975a1318cc319a9a757a55c1c","Denver Bankruptcy Attorney","ChIJbWGoGFJ-bIcROPILG2-Go8s","ChIJbWGoGFJ-bIcROPILG2-Go8s","GOOGLE","1468 South Pearl Street, Denver","OPERATIONAL",NA,NA,NA,NA,"M2Q9+XW Denver, Colorado, United States","85FQM2Q9+XW",39.6899264,-104.9801815,39.6912748302915,-104.978957019709,39.6885768697085,-104.981654980291,0,0,0,0,0,1,1,0,0,0,0,0,0,0,0,0,0,0,1,0,0,0,0,0,0,0,0,0
"28","https://maps.gstatic.com/mapfiles/place_api/icons/generic_business-71.png","9d631a7ca335639f23a6956cccd3d5e3b9947802","Coverly Physical Therapy","ChIJv062_k1-bIcRQjYmSCkMqF0","ChIJv062_k1-bIcRQjYmSCkMqF0","GOOGLE","1550 South Pearl Street #101, Denver","OPERATIONAL",NA,5,18,TRUE,"M2Q9+9X Denver, Colorado, United States","85FQM2Q9+9X",39.6884811,-104.9801197,39.6897893802915,-104.978770619708,39.6870914197085,-104.981468580292,0,0,0,0,0,1,1,0,0,0,0,0,0,0,0,0,0,0,0,1,1,0,0,0,0,0,0,0
"29","https://maps.gstatic.com/mapfiles/place_api/icons/generic_business-71.png","2961dc29c9c7ba67cc847a63613ce7ede1751611","Gallery 1505","ChIJSSHpD1J-bIcR3Y8iyOtP8bI","ChIJSSHpD1J-bIcR3Y8iyOtP8bI","GOOGLE","1505 South Pearl Street, Denver","OPERATIONAL",NA,4.8,19,FALSE,"M2Q9+MQ Denver, Colorado, United States","85FQM2Q9+MQ",39.6892024,-104.9805785,39.6905511802915,-104.979153919708,39.6878532197085,-104.981851880292,0,0,0,0,0,1,1,0,0,0,0,0,0,0,0,0,0,0,0,0,0,1,1,0,0,0,0,0
"30","https://maps.gstatic.com/mapfiles/place_api/icons/generic_business-71.png","e696a46b8080b7424dddced3fcbb19ddc7c2dd5c","Gallery 1505 Fine Jewelry, Fine Art, and Gifts","ChIJSSHpD1J-bIcRn0jz2ff2jJo","ChIJSSHpD1J-bIcRn0jz2ff2jJo","GOOGLE","1505 South Pearl Street, Denver","OPERATIONAL",NA,NA,NA,FALSE,"M2Q9+MQ Denver, Colorado, United States","85FQM2Q9+MQ",39.6892024,-104.9805785,39.6905511802915,-104.979153919708,39.6878532197085,-104.981851880292,0,0,0,0,0,1,1,0,0,0,0,0,0,0,0,0,0,0,0,0,0,1,0,0,0,0,0,0
"31","https://maps.gstatic.com/mapfiles/place_api/icons/restaurant-71.png","f4a71b6d173d2743c7412aa75622f16e8acd4087","Que Bueno Suerte","ChIJu7v2A1J-bIcRLch8En7gC3w","ChIJu7v2A1J-bIcRLch8En7gC3w","GOOGLE","1518 South Pearl Street, Denver","OPERATIONAL",3,4.2,374,TRUE,"M2Q9+JX Denver, Colorado, United States","85FQM2Q9+JX",39.6890777,-104.9801197,39.6904649302915,-104.978924619708,39.6877669697085,-104.981622580291,0,0,0,1,1,1,1,0,0,0,0,0,0,0,0,0,0,0,0,0,0,0,0,0,0,0,0,0
"32","https://maps.gstatic.com/mapfiles/place_api/icons/generic_business-71.png","03d661a7b9b737162322669af4975a9a283f903f","JJ Cunningham's Gallery","ChIJRdS_CFJ-bIcRI4b-8mee0HI","ChIJRdS_CFJ-bIcRI4b-8mee0HI","GOOGLE","1523 South Pearl Street, Denver","OPERATIONAL",NA,5,3,TRUE,"M2Q9+GQ Denver, Colorado, United States","85FQM2Q9+GQ",39.6888583,-104.9805864,39.6902068802915,-104.979158769709,39.6875089197085,-104.981856730291,0,0,0,0,0,1,1,0,0,0,0,0,0,0,0,0,0,0,0,0,0,1,0,0,0,0,0,0
"33","https://maps.gstatic.com/mapfiles/place_api/icons/worship_hindu-71.png","8e133a8b53263e4d507dc19cdcd4460303ac4f70","Shiva Sai Mandir","ChIJpSrpsVN-bIcRwdg88LKWrK8","ChIJpSrpsVN-bIcRwdg88LKWrK8","GOOGLE","1391 South Pennsylvania Street, Denver","OPERATIONAL",NA,4.8,28,NA,"M2R9+G7 Denver, Colorado, United States","85FQM2R9+G7",39.6913493,-104.9818566,39.6926980302915,-104.980377469709,39.6900000697085,-104.983075430292,0,0,0,0,0,1,1,0,0,0,0,0,0,0,0,0,0,0,0,0,0,0,0,1,1,0,0,0
"34","https://maps.gstatic.com/mapfiles/place_api/icons/generic_business-71.png","2cc0d54d6446667544653db8be76f7c5e2cc999f","Vistage - Business Coach","ChIJU8vtVFJ-bIcR8q5rRMTQaoY","ChIJU8vtVFJ-bIcR8q5rRMTQaoY","GOOGLE","1420 South Logan Street, Denver","OPERATIONAL",NA,NA,NA,NA,"M2R9+82 Denver, Colorado, United States","85FQM2R9+82",39.690791,-104.982441,39.6921398802915,-104.981269819709,39.6894419197085,-104.983967780291,0,0,0,0,0,1,1,0,0,0,0,0,0,0,0,0,0,0,0,0,0,0,0,0,0,0,0,0
"35","https://maps.gstatic.com/mapfiles/place_api/icons/restaurant-71.png","eb860489c4be85d35827ffa68892802e64986592","Bird","ChIJ31VHCFJ-bIcRDrDVdzUYVuU","ChIJ31VHCFJ-bIcRDrDVdzUYVuU","GOOGLE","1529 South Pearl Street, Denver","OPERATIONAL",2,4.2,391,TRUE,"M2Q9+FQ Denver, Colorado, United States","85FQM2Q9+FQ",39.6886956,-104.9806211,39.6900440302915,-104.979176819708,39.6873460697085,-104.981874780292,0,0,0,1,1,1,1,0,0,0,0,0,0,0,0,0,0,0,0,0,0,0,0,0,0,0,0,0
"36","https://maps.gstatic.com/mapfiles/place_api/icons/shopping-71.png","fc7f873ee47e1a7e15de6ad37b84a9b0ad2d5049","Second Star to the Right Children's Books","ChIJ03NmH4R_bIcR9GEsh5TTWNE","ChIJ03NmH4R_bIcR9GEsh5TTWNE","GOOGLE","1545 South Pearl Street, Denver","OPERATIONAL",NA,4.9,130,TRUE,"M2Q9+CQ Denver, Colorado, United States","85FQM2Q9+CQ",39.6885179,-104.9806201,39.6898663302915,-104.979177219709,39.6871683697085,-104.981875180291,0,0,0,0,0,1,1,0,1,0,0,0,0,0,0,0,0,0,0,0,0,0,0,0,0,1,0,0
"37","https://maps.gstatic.com/mapfiles/place_api/icons/generic_business-71.png","fe90a4ab8f8a7f777b1a647bce18896a0b7db69e","FINN Real Estate","ChIJWdya901-bIcRa7hG1rkfdtk","ChIJWdya901-bIcRa7hG1rkfdtk","GOOGLE","1457-A South Pearl Street, Denver","OPERATIONAL",NA,NA,NA,TRUE,"M2Q9+9Q Denver, Colorado, United States","85FQM2Q9+9Q",39.6884987,-104.980556,39.6898473302915,-104.979145219708,39.6871493697085,-104.981843180292,0,0,0,0,0,1,1,0,0,1,0,0,0,0,0,0,0,0,0,0,0,0,0,0,0,0,0,0
"38","https://maps.gstatic.com/mapfiles/place_api/icons/school-71.png","7a82afcb54af70111958bc5982913fa60921ba32","Kids Yoga Guide","ChIJ--bN_k1-bIcRuruHeGcOGrw","ChIJ--bN_k1-bIcRuruHeGcOGrw","GOOGLE","1550 South Pearl Street Ste 202, Denver","OPERATIONAL",NA,NA,NA,TRUE,"M2Q9+9X Denver, Colorado, United States","85FQM2Q9+9X",39.688481,-104.98012,39.6897893302915,-104.978770919708,39.6870913697085,-104.981468880292,0,0,0,0,0,1,1,0,0,0,0,0,0,0,0,0,0,0,0,0,1,0,0,0,0,0,1,0
"39","https://maps.gstatic.com/mapfiles/place_api/icons/generic_business-71.png","b73e1c519fcc1bf9d9e787c19238cc769064fabf","Bell Studio Gallery","ChIJscY98E1-bIcREdXJ7AKdHgY","ChIJscY98E1-bIcREdXJ7AKdHgY","GOOGLE","1573 South Pearl Street, Denver","OPERATIONAL",NA,5,1,NA,"M2Q9+6Q Denver, Colorado, United States","85FQM2Q9+6Q",39.6880537,-104.9805355,39.6894025302915,-104.979136419708,39.6867045697085,-104.981834380292,0,0,0,0,0,1,1,0,0,0,0,0,0,0,0,0,0,0,0,0,0,1,0,0,0,0,0,0
"40","https://maps.gstatic.com/mapfiles/place_api/icons/shopping-71.png","9fe5d1cec0984d06fb530906816028a7b0fae2e2","Denver Doll Emporium Box","ChIJL5il_E1-bIcRL3s_lpyRCmQ","ChIJL5il_E1-bIcRL3s_lpyRCmQ","GOOGLE","1570 South Pearl Street, Denver","OPERATIONAL",NA,4,1,TRUE,"M2Q9+6W Denver, Colorado, United States","85FQM2Q9+6W",39.6880805,-104.9801879,39.6894298802915,-104.978962519709,39.6867319197085,-104.981660480291,0,0,0,0,0,1,1,0,1,0,0,0,0,0,0,0,0,0,0,0,0,0,0,0,0,0,0,0
"41","https://maps.gstatic.com/mapfiles/place_api/icons/generic_business-71.png","2803f33761f9cf1b05238cb2f3e653a0a82fa1f9","Guzman Maria Elena PHD","ChIJi6Vd8nZ-bIcRIOj7B4J63tM","ChIJi6Vd8nZ-bIcRIOj7B4J63tM","GOOGLE","3801 East Florida Avenue # 701, Denver","OPERATIONAL",NA,NA,NA,NA,"M2QC+RC Denver, Colorado, United States","85FQM2QC+RC",39.6895785,-104.9789994,39.6908346802915,-104.977649919708,39.6881367197085,-104.980347880292,0,0,0,0,0,1,1,0,0,0,0,0,0,0,0,0,0,0,0,0,1,0,0,0,0,0,0,0
"42","https://maps.gstatic.com/mapfiles/place_api/icons/generic_business-71.png","8088cdb966ed441ecc5551b992d834167bcccdeb","BodyIntel","ChIJqaJb401-bIcRWX0MbVvoW_Y","ChIJqaJb401-bIcRWX0MbVvoW_Y","GOOGLE","1574 South Pearl Street, Denver","OPERATIONAL",NA,5,2,TRUE,"M2Q9+5V Denver, Colorado, United States","85FQM2Q9+5V",39.687999,-104.98026,39.6893482802915,-104.978998819708,39.6866503197085,-104.981696780292,0,0,0,0,0,1,1,0,0,0,0,0,0,0,0,0,0,0,0,1,1,0,0,0,0,0,1,0
"43","https://maps.gstatic.com/mapfiles/place_api/icons/generic_business-71.png","6e5b2b64b02f270755bae3966c6dc58759b06ff7","Aimee Feldhake, PT","ChIJv062_k1-bIcR6vjkgRPeOO0","ChIJv062_k1-bIcR6vjkgRPeOO0","GOOGLE","1550 South Pearl Street, Denver","OPERATIONAL",NA,NA,NA,NA,"M2Q9+9V Denver, Colorado, United States","85FQM2Q9+9V",39.6884724,-104.980306,39.6897849302915,-104.978956919708,39.6870869697085,-104.981654880292,0,0,0,0,0,1,1,0,0,0,0,0,0,0,0,0,0,0,0,1,1,0,0,0,0,0,0,0
"44","https://maps.gstatic.com/mapfiles/place_api/icons/generic_business-71.png","c3b0f5f985d76f6391399a67add90275616086fa","Growing Local Economies Inc","ChIJiTdr71J-bIcRiWkbPM92dNA","ChIJiTdr71J-bIcRiWkbPM92dNA","GOOGLE","1460 South Grant Street, Denver","OPERATIONAL",NA,NA,NA,NA,"M2R8+2G Denver, Colorado, United States","85FQM2R8+2G",39.690029,-104.983684,39.6913778802915,-104.982489419709,39.6886799197085,-104.985187380292,0,0,0,0,0,1,1,0,0,0,0,0,0,1,0,0,0,0,0,0,0,0,0,0,0,0,0,0
"45","https://maps.gstatic.com/mapfiles/place_api/icons/shopping-71.png","5a63a80f3fa20a916c35fe94338c455558610420","Old South Frame & Gallery","ChIJIy675U1-bIcR_Ig_oW3BN1M","ChIJIy675U1-bIcR_Ig_oW3BN1M","GOOGLE","1588 South Pearl Street, Denver","OPERATIONAL",NA,5,5,TRUE,"M2Q9+4V Denver, Colorado, United States","85FQM2Q9+4V",39.6878166,-104.9803187,39.6891657802915,-104.979028669708,39.6864678197085,-104.981726630292,0,0,0,0,0,1,1,0,1,0,0,0,0,0,0,0,0,0,0,0,0,0,0,0,0,0,0,0
"46","https://maps.gstatic.com/mapfiles/place_api/icons/generic_business-71.png","60d6b71c0722c215cda2c25e40d3ee48aedf9447","Glaser Cindy","ChIJv062_k1-bIcRqTUVncypKNQ","ChIJv062_k1-bIcRqTUVncypKNQ","GOOGLE","1550 South Pearl Street Ste 204, Denver","OPERATIONAL",NA,5,4,NA,"M2Q9+9W Denver, Colorado, United States","85FQM2Q9+9W",39.6884722,-104.9801462,39.6897849302915,-104.978797119709,39.6870869697085,-104.981495080291,0,0,0,0,0,1,1,0,0,0,0,0,0,0,0,0,0,0,0,0,0,0,0,0,0,0,0,0
"47","https://maps.gstatic.com/mapfiles/place_api/icons/generic_business-71.png","1bbccf81a86c07f8a6acd4c90d50434bd436ba1d","Otubns","ChIJq6pWMFJ-bIcRhnqoMmcTc50","ChIJq6pWMFJ-bIcRhnqoMmcTc50","GOOGLE","1423 South Pearl Street, Denver","OPERATIONAL",NA,NA,NA,NA,"M2R9+7P Denver, Colorado, United States","85FQM2R9+7P",39.6906403,-104.9806654,39.6919897802915,-104.979201719708,39.6892918197085,-104.981899680292,0,0,0,0,0,1,1,0,0,0,0,0,0,0,0,0,0,0,0,0,0,0,0,0,0,0,0,0
"48","https://maps.gstatic.com/mapfiles/place_api/icons/generic_business-71.png","3d11bc608ad4d410445c29cbf9557e70efb07f15","TOD Properties","ChIJ___bfFF-bIcRgGNnt0Qsqp8","ChIJ___bfFF-bIcRgGNnt0Qsqp8","GOOGLE","1363 South Washington Street, Denver","OPERATIONAL",NA,NA,NA,NA,"M2RC+P5 Denver, Colorado, United States","85FQM2RC+P5",39.6918485,-104.9795699,39.6931971802915,-104.978076019708,39.6904992197085,-104.980773980292,0,0,0,0,0,1,1,0,0,1,0,0,0,0,0,0,0,0,0,0,0,0,0,0,0,0,0,0
"49","https://maps.gstatic.com/mapfiles/place_api/icons/generic_business-71.png","c7ba17d34ab1ce8e2094d29af3195f46fe26b9d1","Heilan Coo","ChIJ__8L901-bIcRuQNhU68ZmEk","ChIJ__8L901-bIcRuQNhU68ZmEk","GOOGLE","1551 South Pearl Street, Denver","OPERATIONAL",NA,5,1,NA,"M2Q9+9Q Denver, Colorado, United States","85FQM2Q9+9Q",39.6884393,-104.9806197,39.6897877302915,-104.979177369708,39.6870897697085,-104.981875330292,0,0,0,0,1,1,1,0,0,0,0,0,0,0,0,0,0,0,0,0,0,0,0,0,0,0,0,0
"50","https://maps.gstatic.com/mapfiles/place_api/icons/generic_business-71.png","0a89bc0f7b43f1a2db0ef565b44884fb3d070457","Facials by Theresa","ChIJq6oO5FN-bIcRJL1UJ3blEKA","ChIJq6oO5FN-bIcRJL1UJ3blEKA","GOOGLE","1306 South Pearl Street, Denver","OPERATIONAL",NA,5,2,NA,"M2V9+4W Denver, Colorado, United States","85FQM2V9+4W",39.6928345,-104.9801633,39.6941668802915,-104.978745219709,39.6914689197085,-104.981443180292,0,0,0,0,0,1,1,0,0,0,0,0,0,0,0,1,0,0,0,0,0,0,0,0,0,0,0,0
"51","https://maps.gstatic.com/mapfiles/place_api/icons/generic_business-71.png","ff7c0da3da9bced3cc01f479a0fa393d6298e9be","Van Der Jagt Law Firm","ChIJafNTH1J-bIcRZ4dMgiVPOcs","ChIJafNTH1J-bIcRZ4dMgiVPOcs","GOOGLE","1468 South Pearl Street, Denver","OPERATIONAL",NA,4.2,30,TRUE,"M2Q9+XW Denver, Colorado, United States","85FQM2Q9+XW",39.6899263,-104.9801815,39.6912763802915,-104.978957019709,39.6885784197085,-104.981654980291,0,0,0,0,0,1,1,0,0,0,0,0,0,0,0,0,0,0,1,0,0,0,0,0,0,0,0,0
"52","https://maps.gstatic.com/mapfiles/place_api/icons/generic_business-71.png","fe21c697a9e8dda9cf8d635d57ba51629f665ba2","dal construction","ChIJS4V3bFF-bIcRWEZdYsa8MbA","ChIJS4V3bFF-bIcRWEZdYsa8MbA","GOOGLE","1313 South Clarkson Street, Denver","OPERATIONAL",NA,NA,NA,NA,"M2RC+WH Denver, Colorado, United States","85FQM2RC+WH",39.6923499,-104.9785458,39.6936569802915,-104.977164969708,39.6909590197085,-104.979862930292,0,0,0,0,0,1,1,0,0,0,0,0,0,0,0,0,0,0,0,0,0,0,0,0,0,0,0,0
"53","https://maps.gstatic.com/mapfiles/place_api/icons/generic_business-71.png","aa6d32f109a0d16a94bb4ad9bb3954ffaab014d4","William J. Feldhake, PT","ChIJv062_k1-bIcRr5SVCksexIs","ChIJv062_k1-bIcRr5SVCksexIs","GOOGLE","1550 South Pearl Street # 101, Denver","OPERATIONAL",NA,NA,NA,NA,"M2Q9+9W Denver, Colorado, United States","85FQM2Q9+9W",39.6884722,-104.9801462,39.6897849302915,-104.978797119709,39.6870869697085,-104.981495080291,0,0,0,0,0,1,1,0,0,0,0,0,0,0,0,0,0,0,0,1,1,0,0,0,0,0,0,0
"54","https://maps.gstatic.com/mapfiles/place_api/icons/shopping-71.png","d0699dc571ce9a15204b9fbf239392c2d5c94a4f","Common Threads Denver","ChIJ5S0HfSt5bIcRXA4NpF4Vh08","ChIJ5S0HfSt5bIcRXA4NpF4Vh08","GOOGLE","1575 South Pearl Street, Denver","OPERATIONAL",NA,4.4,57,TRUE,"M2Q9+5Q Denver, Colorado, United States","85FQM2Q9+5Q",39.6879942,-104.9805941,39.6893429302915,-104.979165869708,39.6866449697085,-104.981863830292,0,0,0,0,0,1,1,0,1,0,0,0,0,0,0,0,0,0,0,0,0,0,0,0,0,0,0,1
"55","https://maps.gstatic.com/mapfiles/place_api/icons/generic_business-71.png","abe601e7269721fc226a9b4bf7ff73c70cea56e4","Rick Ginsberg, Ph.D.","ChIJmbPHCFJ-bIcRaIjDaJ2LMW8","ChIJmbPHCFJ-bIcRaIjDaJ2LMW8","GOOGLE","1521 South Pearl Street, Denver","OPERATIONAL",NA,NA,NA,NA,"M2Q9+HP Denver, Colorado, United States","85FQM2Q9+HP",39.6888895,-104.9806425,39.6902379302915,-104.979186669708,39.6875399697085,-104.981884630292,0,0,0,0,0,1,1,0,0,0,0,0,0,0,0,0,0,0,0,0,1,0,0,0,0,0,0,0
"56","https://maps.gstatic.com/mapfiles/place_api/icons/shopping-71.png","7803aa381fa3e5070e53246f8bd91210fe4fa388","YAO Herbal Apothecary, Clinic & Tea Market","ChIJ75V0XFF-bIcRziT_uw2yn_g","ChIJ75V0XFF-bIcRziT_uw2yn_g","GOOGLE","1305 South Washington Street, Denver","OPERATIONAL",NA,4.8,23,TRUE,"M2VC+45 Denver, Colorado, United States","85FQM2VC+45",39.692836,-104.9795,39.6941848302915,-104.978039319709,39.6914868697085,-104.980737280292,0,0,0,0,1,1,1,0,1,0,0,0,0,0,0,0,0,0,0,0,1,0,0,0,0,0,0,0
"57","https://maps.gstatic.com/mapfiles/place_api/icons/generic_business-71.png","819f9a9f977f667a1a2933018be07fe7c7c57bd3","R.L. Linden","ChIJq6q6701-bIcRngyNT--aNgY","ChIJq6q6701-bIcRngyNT--aNgY","GOOGLE","1581 South Pearl Street, Denver","OPERATIONAL",NA,NA,NA,NA,"M2Q9+4P Denver, Colorado, United States","85FQM2Q9+4P",39.6878648,-104.9806425,39.6892134302915,-104.979190419709,39.6865154697085,-104.981888380291,0,0,0,0,0,1,1,0,0,0,0,0,0,0,0,0,0,0,0,0,0,0,0,0,0,0,0,0
"58","https://maps.gstatic.com/mapfiles/place_api/icons/generic_business-71.png","f929a4652a7f4d85ae02d562a9aa280b7f7bb0bd","Bodies In Balance Therapeutic Massage","ChIJv062_k1-bIcROBlV-VU1bLM","ChIJv062_k1-bIcROBlV-VU1bLM","GOOGLE","1550 South Pearl Street, Denver","OPERATIONAL",NA,NA,NA,TRUE,"M2Q9+9V Denver, Colorado, United States","85FQM2Q9+9V",39.6884424,-104.9803073,39.6897799802915,-104.978958269708,39.6870820197085,-104.981656230292,0,0,0,0,0,1,1,0,0,0,0,0,0,0,0,0,0,0,0,0,0,0,0,0,0,0,0,0
"59","https://maps.gstatic.com/mapfiles/place_api/icons/generic_business-71.png","9bdba8604c5e59f28901d40937ecab97464f0bd4","Denver Immigration Attorneys","ChIJCXVSH1J-bIcRNPCrDRxYINs","ChIJCXVSH1J-bIcRNPCrDRxYINs","GOOGLE","1468 South Pearl Street B, Denver","OPERATIONAL",NA,NA,NA,NA,"M2Q9+XW Denver, Colorado, United States","85FQM2Q9+XW",39.6899197,-104.9801628,39.6912680802915,-104.978947669709,39.6885701197085,-104.981645630291,0,0,0,0,0,1,1,0,0,0,0,0,0,0,0,0,0,0,1,0,0,0,0,0,0,0,0,0
"60","https://maps.gstatic.com/mapfiles/place_api/icons/generic_business-71.png","d99f38bdd3aacb698e83e8606a515397e5184979","Skin","ChIJ7bsLHFJ-bIcRhtJcCYQNrPc","ChIJ7bsLHFJ-bIcRhtJcCYQNrPc","GOOGLE","1486 South Pearl Street, Denver","OPERATIONAL",NA,5,1,TRUE,"M2Q9+RV Denver, Colorado, United States","85FQM2Q9+RV",39.6895681,-104.9803258,39.6909168302915,-104.979027819709,39.6882188697085,-104.981725780291,0,0,0,0,0,1,1,0,0,0,0,0,0,0,0,0,0,0,0,0,1,0,0,0,0,0,0,0
